{
  "scrollSpeed": 0.04106435643564355,
  "pointerSpeed": 1.4133663366336635
}