{
  "scrollSpeed": 0.02538935643564355,
  "pointerSpeed": 0.9267415730337076,
  "hostName": "dag-advanced-calculator",
  "darkTheme": true
}