{
  "scrollSpeed": 0.012846534653465334,
  "pointerSpeed": 1.056930693069307
}