{
  "scrollSpeed": 0.012846534653465334,
  "pointerSpeed": 1.3576732673267327
}