{
  "scrollSpeed": 0.02538935643564355,
  "pointerSpeed": 1.2199999999999998,
  "hostName": "dag-advanced-calculator",
  "darkTheme": true
}